"","Student_ID","Anz_Anmeldungen","Anz_Zugriffe","Anz_Forum","Anz_Post","Anz_Quiz_Pruefung","Abgabe1_spaet","Abgabe2_spaet","Abgabe3_spaet","Abgabe1_stunden","Abgabe2_stunden","Abgabe3_stunden","Abgabe_mittel","Quiz","Abgabe1","Zwischenpruefung","Abgabe2","Abgabe3","Abschlusspruefung","Abschlussnote"
"1","student000000",143,344,58,0,3,0,0,0,178.1666667,92.71666667,116.1666667,129.0166667,95,91,70,90,84,64,85
"2","student000001",70,342,0,0,4,0,0,0,294.0333333,196.0833333,217.75,235.9555556,85,76,65,61,73,64,76
"3","student000002",42,219,0,0,3,0,0,0,169.6,235.7333333,260.3333333,221.8888889,85,41,73,61,73,61,73
"4","student000003",92,271,2,0,6,0,0,0,341.15,245.9,271.2166667,286.0888889,80,78,80,79,79,57,80
"5","student000004",116,379,0,0,1,0,0,0,325.5,236.2833333,260.7333333,274.1722222,85,91,78,80,84,67,85
"6","student000005",62,358,0,0,0,0,0,0,182.8,89.88333333,107.6666667,126.7833333,80,79,83,87,82,60,83
"7","student000006",76,213,0,0,0,0,0,0,220.6,200.4833333,224.8,215.2944444,70,91,80,81,79,73,85
"8","student000007",78,237,0,0,3,0,0,0,171.2166667,91.33333333,111.8,124.7833333,75,65,63,71,78,31,64
"9","student000008",69,218,0,0,1,0,1,0,132.95,296,103.4333333,177.4611111,80,87,85,88,89,59,85
"10","student000009",89,360,9,0,3,0,0,0,304.9333333,213.05,232.6666667,250.2166667,70,68,85,91,82,71,86
"11","student000010",91,264,0,0,5,0,0,0,276.9333333,235.8333333,255.8333333,256.2,90,93,88,87,90,73,92
"12","student000011",101,301,0,0,3,0,0,0,246.5833333,210.4,223.6333333,226.8722222,70,93,65,91,80,44,74
"13","student000012",42,97,0,0,1,0,0,0,332.0666667,240.45,265.5333333,279.35,80,86,63,78,75,37,68
"14","student000013",71,166,0,0,1,0,0,0,340.55,247.5333333,306.15,298.0777778,80,86,83,89,92,66,88
"15","student000014",78,413,1,0,9,0,0,0,169.6666667,76.61666667,102.6,116.2944444,100,92,90,79,81,76,92
"16","student000015",31,183,0,0,0,0,0,0,196.5333333,103.7166667,128.1833333,142.8111111,80,80,70,86,92,50,79
"17","student000016",95,301,0,0,3,0,0,0,184.2833333,89.41666667,111.6166667,128.4388889,75,86,88,90,83,79,91
"18","student000017",90,319,0,0,0,0,0,0,131.0833333,41.58333333,66,79.55555556,70,70,88,76,80,66,82
"19","student000018",230,289,1,0,2,0,0,0,132.0666667,43.38333333,68.55,81.33333333,90,58,93,66,83,80,89
"20","student000019",116,298,31,0,2,0,0,0,82.41666667,29.56666667,56.06666667,56.01666667,80,64,63,81,62,51,69
"21","student000020",51,281,0,0,2,0,0,0,306.3833333,214.0166667,234.15,251.5166667,65,93,88,89,82,56,82
"22","student000021",78,196,0,0,3,0,0,1,329.15,240.1333333,632,400.4277778,80,76,68,44,60,51,66
"23","student000022",67,220,0,0,0,0,0,0,191.1333333,98.03333333,122.6333333,137.2666667,70,79,85,83,86,61,83
"24","student000023",43,125,0,0,0,0,0,0,113.5,31.51666667,44.8,63.27222222,80,67,50,71,73,44,66
"25","student000024",77,339,0,0,2,0,0,0,181.9666667,92.7,118.35,131.0055556,70,85,90,83,85,54,82
"26","student000025",46,218,0,0,2,0,0,0,327.1166667,235.3333333,255.8333333,272.7611111,70,67,68,63,74,57,72
"27","student000026",45,255,1,0,1,0,0,0,318.6666667,226.2833333,253.5166667,266.1555556,70,85,75,72,55,40,65
"28","student000027",31,160,0,0,3,0,0,0,120.7,30.91666667,55.05,68.88888889,85,82,73,78,74,64,80
"29","student000028",55,282,1,0,1,0,0,0,109.2333333,50.93333333,73.81666667,77.99444444,85,78,83,83,91,66,87
"30","student000029",53,165,0,0,3,0,0,0,324.75,237.8833333,260.75,274.4611111,95,68,68,71,89,53,78
"31","student000030",87,291,0,0,3,0,0,0,196,152.4833333,151.5166667,166.6666667,95,89,85,92,87,67,90
"32","student000031",87,326,0,0,2,0,0,0,297.8333333,209.5666667,230.4666667,245.9555556,70,79,85,84,100,69,89
"33","student000032",86,243,10,0,3,0,0,0,359.0166667,240.1166667,264.9,288.0111111,80,86,63,69,83,49,73
"34","student000033",50,154,0,0,2,0,0,0,150.2333333,80.86666667,81.33333333,104.1444444,80,73,88,64,81,66,82
"35","student000034",74,184,3,3,3,0,0,0,179.3666667,214.8666667,233.7166667,209.3166667,95,90,80,73,95,66,88
"36","student000035",72,275,0,0,2,0,0,0,229.1333333,232.85,258.4,240.1277778,85,83,60,81,78,46,72
"37","student000036",1,355,0,0,1,0,0,0,293.6166667,183.25,198.2,225.0222222,75,88,63,81,72,43,70
"38","student000037",72,228,0,0,0,0,0,0,328.3666667,234.9,272.0166667,278.4277778,80,92,65,88,81,71,84
"39","student000038",62,197,0,0,2,0,0,0,302.0333333,188.25,213.3,234.5277778,80,96,88,93,93,93,100
"40","student000039",66,208,0,0,0,0,0,0,182.7833333,95.63333333,125.75,134.7222222,75,90,75,86,84,73,86
"41","student000040",77,492,0,0,4,0,0,0,165.2,69.21666667,95.73333333,110.05,90,93,85,91,92,71,92
"42","student000041",45,152,0,0,1,1,0,0,558,276.2833333,319.5,384.5944444,75,0,68,62,90,47,67
"43","student000042",52,186,0,0,2,0,0,0,144,51.01666667,74.78333333,89.93333333,75,85,78,85,82,64,83
"44","student000043",123,358,0,0,4,0,0,0,136.5166667,45.51666667,79.15,87.06111111,90,78,83,93,84,73,89
"45","student000044",66,371,0,0,0,0,0,0,339.85,246.7333333,272.05,286.2111111,70,82,68,81,83,36,70
"46","student000045",51,193,0,0,1,0,0,0,110.4666667,30.58333333,54.05,65.03333333,85,80,80,91,74,60,81
"47","student000046",61,342,0,0,2,0,0,0,304.25,210.6,230.45,248.4333333,75,83,88,84,90,73,90
"48","student000047",76,375,0,0,2,0,0,0,325.25,247.25,270.0333333,280.8444444,85,77,78,73,84,60,81
"49","student000048",87,177,0,0,2,0,0,0,332.45,240.8833333,259.15,277.4944444,90,85,83,81,89,59,85
"50","student000049",87,361,1,2,2,0,0,0,111.1166667,59.93333333,85.88333333,85.64444444,80,86,80,91,90,80,92
"51","student000050",54,245,0,0,3,0,0,0,193.4166667,213.4833333,234.5333333,213.8111111,70,84,75,81,93,53,80
"52","student000051",43,353,0,0,0,0,0,0,326.3666667,249.45,273.0166667,282.9444444,75,84,48,71,88,34,66
"53","student000052",55,219,0,0,2,0,0,0,305.65,200.1666667,219.6833333,241.8333333,70,83,70,71,75,46,71
"54","student000053",87,192,0,0,1,0,0,0,301.1166667,187.7333333,211.9833333,233.6111111,70,93,88,83,87,60,85
"55","student000054",95,305,4,3,4,0,0,0,135.25,47.8,67.6,83.55,75,89,83,85,86,73,88
"56","student000055",84,136,0,0,2,0,0,0,279.5166667,185.2,208.4,224.3722222,85,74,65,66,65,43,66
"57","student000056",138,512,0,0,3,0,0,0,130.75,45.83333333,57.91666667,78.16666667,75,85,90,87,90,69,89
"58","student000057",80,194,0,0,1,0,0,0,196.25,92.9,111.2833333,133.4777778,70,69,78,79,77,50,74
"59","student000058",74,251,3,3,1,0,0,0,110.9,80.68333333,128.5166667,106.7,70,74,93,74,80,76,87
"60","student000059",32,120,0,0,2,0,1,0,343.7333333,296.25,274.5666667,304.85,70,80,75,59,81,0,56
"61","student000060",84,412,58,0,2,0,0,0,185.9,93.33333333,121.1,133.4444444,70,72,78,91,84,69,84
"62","student000061",92,143,0,0,2,0,0,0,137.8,45.65,78.5,87.31666667,70,78,75,81,79,70,82
"63","student000062",33,211,0,0,1,0,0,0,139.5833333,51.13333333,212.7333333,134.4833333,80,56,68,59,65,69,73
"64","student000063",102,410,0,0,1,0,0,0,156.75,41.33333333,82.86666667,93.65,80,71,90,83,82,76,89
"65","student000064",68,261,2,2,2,0,0,0,160.7666667,68.13333333,91.1,106.6666667,90,91,78,84,76,67,84
"66","student000065",31,87,0,0,1,0,0,0,150.0333333,56.63333333,80.75,95.80555556,85,65,70,71,69,54,72
"67","student000066",29,419,9,0,3,0,0,0,311.7333333,219.2,243.5833333,258.1722222,70,71,63,79,82,73,81
"68","student000067",87,208,0,0,3,0,0,0,175.55,92.06666667,117.8833333,128.5,90,82,85,88,86,60,86
"69","student000068",177,1007,0,0,0,0,0,0,154.7333333,62.13333333,86.51666667,101.1277778,70,89,75,84,90,51,80
"70","student000069",54,170,0,0,5,0,0,0,266.7,192.9166667,207.8333333,222.4833333,90,81,78,94,85,64,86
"71","student000070",51,238,0,0,2,0,0,0,182.6166667,98.93333333,124.8,135.45,80,88,88,81,90,61,86
"72","student000071",55,339,0,0,1,0,0,0,138.4333333,44.86666667,62.55,81.95,75,69,73,72,70,53,72
"73","student000072",46,92,2,2,1,0,0,0,122.1666667,30.36666667,44.08333333,65.53888889,80,84,83,87,96,60,87
"74","student000073",94,173,0,0,3,0,0,0,149.0666667,55.15,79.05,94.42222222,85,88,75,86,91,69,88
"75","student000074",94,356,0,0,2,0,0,0,325.2666667,235.5,260.2166667,273.6611111,85,83,78,82,90,67,86
"76","student000075",32,201,0,0,1,0,0,0,325.8833333,234.2,257.5833333,272.5555556,70,84,65,78,83,69,81
"77","student000076",63,237,0,0,0,0,0,0,172.5166667,79.53333333,104.45,118.8333333,65,98,88,91,89,60,86
"78","student000077",113,385,0,0,4,0,0,0,188.0166667,115.75,117.3,140.3555556,75,61,68,70,80,53,73
"79","student000078",67,127,0,0,1,0,0,0,173.6666667,80.9,272.7833333,175.7833333,75,89,95,84,90,57,86
"80","student000079",118,396,0,0,0,0,0,0,182.3333333,184.6,207.4166667,191.45,75,73,70,81,90,71,84
"81","student000080",78,217,0,0,1,0,0,0,316.5,272.5166667,245.9666667,278.3277778,90,77,78,89,97,60,87
"82","student000081",21,34,0,0,0,1,1,1,558,296,632,495.3333333,0,0,73,0,0,0,15
"83","student000082",56,131,0,0,5,0,0,0,306.0833333,186.2166667,212.0166667,234.7722222,75,57,48,68,79,53,68
"84","student000083",62,232,0,0,1,0,0,0,169.9,79.33333333,103.5833333,117.6055556,75,80,65,77,84,53,76
"85","student000084",68,213,0,0,0,0,0,0,303.7166667,191.4333333,210.1333333,235.0944444,85,81,63,75,77,49,73
"86","student000085",56,160,2,0,3,0,0,0,170.5,58.61666667,90.5,106.5388889,65,74,85,73,90,76,87
"87","student000086",78,202,0,0,3,0,0,0,111.5333333,31.21666667,52.45,65.06666667,80,81,80,81,77,79,87
"88","student000087",96,332,0,0,8,0,0,0,107.6166667,66.43333333,88.6,87.55,85,73,80,73,83,80,88
"89","student000088",71,279,0,0,4,0,0,0,325.3833333,236.55,260.65,274.1944444,70,66,73,78,74,61,76
"90","student000089",59,254,1,1,1,1,1,1,558,296,632,495.3333333,65,0,93,0,0,46,41
"91","student000090",92,232,0,0,0,0,0,0,159.2,41.33333333,88.61666667,96.38333333,80,79,93,82,81,74,89
"92","student000091",98,347,0,0,1,0,0,0,314.5,221.8833333,244.85,260.4111111,85,91,73,88,88,47,79
"93","student000092",44,223,0,0,0,0,0,0,222.0333333,103.5166667,128.0833333,151.2111111,65,15,73,39,60,46,58
"94","student000093",74,197,0,0,7,0,0,0,194.3833333,101.1,114.5166667,136.6666667,90,72,93,83,75,70,86
"95","student000094",72,217,0,0,0,0,0,0,160,65.8,91.4,105.7333333,95,89,88,85,80,70,89
"96","student000095",28,142,0,0,2,0,0,0,133.3166667,43.88333333,74.2,83.8,85,74,63,85,72,47,72
"97","student000096",70,222,0,0,0,0,0,0,313.0666667,223.6333333,246.8166667,261.1722222,80,79,55,82,94,43,74
"98","student000097",99,507,0,0,5,0,0,0,305.6666667,198.1,220.4666667,241.4111111,90,86,83,80,81,64,85
"99","student000098",62,190,0,0,1,0,0,0,304.7333333,187.4333333,210.3,234.1555556,70,82,80,97,89,66,86
"100","student000099",118,432,48,0,12,0,0,0,152.5333333,60.93333333,102.8833333,105.45,100,82,73,62,88,63,82
"101","student000100",27,175,0,0,0,1,0,0,558,266.8,254.9833333,359.9277778,0,0,0,55,79,49,43
"102","student000101",61,183,0,0,1,0,0,0,145.9,56.41666667,103.35,101.8888889,70,76,85,84,72,77,85
"103","student000102",88,316,0,0,8,0,0,0,194.6333333,207.95,230.25,210.9444444,70,88,93,94,86,89,96
"104","student000103",102,397,1,1,1,0,0,0,308.5,197.9,220.0833333,242.1611111,85,90,80,91,79,66,85
"105","student000104",82,139,0,0,0,0,0,0,123.15,29.25,52.33333333,68.24444444,70,86,88,86,76,76,87
"106","student000105",65,413,0,0,0,0,0,0,305.45,209.5666667,233.65,249.5555556,75,57,93,72,75,79,85
"107","student000106",66,361,0,0,2,0,0,0,296.4,209.3666667,237.6166667,247.7944444,70,79,85,74,88,63,83
"108","student000107",89,255,0,0,0,0,0,0,327.9666667,240.4833333,263.3666667,277.2722222,70,99,73,91,92,60,84
"109","student000108",78,432,0,0,1,0,0,0,159.9333333,74.46666667,100.0666667,111.4888889,70,71,80,59,82,79,84
"110","student000109",63,266,0,0,3,0,0,0,168.1166667,75.2,98.11666667,113.8111111,80,59,63,68,73,63,74
"111","student000110",118,325,0,0,6,0,0,0,297.95,224.4833333,249.3,257.2444444,80,92,88,89,89,60,87
"112","student000111",43,110,0,0,0,0,0,0,135.3333333,69.45,94.91666667,99.9,75,66,70,74,81,80,84
"113","student000112",96,191,1,2,1,0,0,0,134.9,47.2,71.61666667,84.57222222,80,78,70,77,80,63,79
"114","student000113",21,80,0,0,2,1,1,1,558,296,632,495.3333333,70,0,55,0,0,0,18
"115","student000114",81,319,0,0,1,0,0,0,255.4166667,197.5833333,204.35,219.1166667,80,91,80,94,94,87,97
"116","student000115",54,426,0,0,2,0,0,0,306.0833333,193.9833333,219.7666667,239.9444444,80,76,80,83,93,49,80
"117","student000116",65,250,0,0,0,0,0,0,159.55,68.38333333,89.95,105.9611111,95,73,78,68,73,73,83
"118","student000117",73,344,0,0,0,0,0,0,195.1,89.1,113.7333333,132.6444444,80,81,85,83,88,81,92
"119","student000118",113,511,0,0,4,0,0,0,304.85,199.6666667,221.35,241.9555556,70,95,68,74,89,69,83
"120","student000119",97,342,0,0,2,0,0,0,85.55,40.13333333,60.91666667,62.2,90,69,53,81,86,56,76
"121","student000120",68,265,1,0,0,0,0,0,145.0666667,51.68333333,75.58333333,90.77777778,75,63,63,76,76,41,67
"122","student000121",132,260,5,1,2,0,0,0,104.2666667,29.56666667,43.78333333,59.20555556,85,91,90,83,91,84,96
"123","student000122",61,151,0,0,4,0,0,0,192.3833333,101.7666667,125.4,139.85,80,78,80,82,85,63,83
"124","student000123",55,391,0,0,1,0,0,0,303.8333333,191.5333333,260.0833333,251.8166667,75,88,63,83,76,60,77
"125","student000124",100,270,58,2,3,0,0,0,127.5,37.1,64.56666667,76.38888889,80,73,58,82,93,53,77
"126","student000125",76,340,0,0,4,0,0,0,187.4,91.63333333,120.9,133.3111111,60,68,73,88,84,49,74
"127","student000126",55,184,0,0,5,0,0,0,195.5333333,103.15,120.75,139.8111111,75,69,73,73,65,51,71
"128","student000127",144,567,4,5,9,0,0,0,244.3,111.7166667,206.6333333,187.55,75,98,95,96,96,91,100
"129","student000128",100,195,4,4,7,0,0,0,292.45,211.7166667,243.5333333,249.2333333,70,91,75,81,73,64,80
"130","student000129",85,413,0,0,3,0,0,0,181.7166667,173.2,114.5,156.4722222,65,88,88,91,93,84,95
"131","student000130",75,210,0,0,1,0,0,0,301.4833333,227.0333333,259.35,262.6222222,75,91,80,78,80,59,81
"132","student000131",41,234,0,0,2,0,0,0,317.7,224.0166667,248.2,263.3055556,70,48,48,70,66,43,60
"133","student000132",91,339,0,0,0,0,0,0,136.8333333,51.13333333,75.38333333,87.78333333,90,66,68,66,66,61,74
"134","student000133",85,146,0,0,1,0,0,0,146.85,54.03333333,69.05,89.97777778,85,85,88,83,78,66,85
"135","student000134",147,358,11,2,4,0,0,0,182.45,82.31666667,112.65,125.8055556,100,89,93,92,92,76,96
"136","student000135",107,344,0,0,1,0,0,0,135.4666667,44.3,67.86666667,82.54444444,85,68,73,78,75,71,82
"137","student000136",74,271,7,0,1,0,0,0,268.0666667,194.1166667,156.2833333,206.1555556,80,84,60,94,87,60,81
"138","student000137",40,164,0,0,4,0,0,0,297.5333333,185.6166667,211.0833333,231.4111111,90,82,60,79,70,53,73
"139","student000138",65,251,0,0,1,0,0,0,299.7166667,210.35,236.8666667,248.9777778,75,75,58,74,73,46,68
"140","student000139",40,249,0,0,5,0,0,0,129.1666667,44.88333333,77.06666667,83.70555556,85,60,85,59,69,67,78
"141","student000140",71,230,0,0,2,0,0,0,301.3166667,231.3,258.95,263.8555556,65,86,80,83,87,59,82
"142","student000141",61,231,0,0,1,0,0,0,139.2166667,47.58333333,72.78333333,86.52777778,70,76,73,86,79,60,79
"143","student000142",94,451,0,0,4,0,0,0,305.1666667,212.05,245.9833333,254.4,70,80,80,78,93,83,91
"144","student000143",134,342,0,0,0,0,0,0,320.7166667,234,257.6,270.7722222,80,86,90,91,83,76,91
"145","student000144",36,149,0,0,2,0,0,0,322.1,231.0666667,253.4333333,268.8666667,70,65,70,87,85,49,75
"146","student000145",45,262,0,0,2,0,0,0,301.8,200.6166667,225.25,242.5555556,70,92,80,89,77,63,82
"147","student000146",116,216,0,0,2,0,0,0,121.5833333,30.61666667,56.73333333,69.64444444,80,63,90,73,72,71,83
"148","student000147",69,211,0,0,0,0,0,0,122.7833333,32.3,52.9,69.32777778,80,80,78,69,81,81,87
"149","student000148",60,313,0,0,0,0,0,0,303.55,215.1666667,235.0666667,251.2611111,85,80,78,88,98,64,88
"150","student000149",60,216,0,0,8,0,0,0,130.15,44.98333333,79.76666667,84.96666667,85,75,68,70,49,51,67
"151","student000150",18,140,0,0,2,1,0,1,558,194.9,632,461.6333333,75,0,58,20,0,47,38
"152","student000151",64,177,0,0,0,0,0,0,185.4333333,91.43333333,113.0833333,129.9833333,70,72,65,70,83,44,70
"153","student000152",150,280,0,0,6,0,0,0,306.4833333,200.5166667,223.9333333,243.6444444,70,97,93,92,89,81,95
"154","student000153",35,78,0,0,2,0,0,0,324.1,232.65,348.7166667,301.8222222,40,40,53,72,67,39,57
"155","student000154",150,216,33,0,1,0,0,0,171.4166667,87.4,115.2166667,124.6777778,95,90,73,84,90,74,90
"156","student000155",55,282,0,0,0,0,0,0,173.7,88.06666667,114.85,125.5388889,75,84,78,88,84,69,85
"157","student000156",56,142,0,0,6,0,0,0,293.1333333,210.8666667,235.4166667,246.4722222,75,82,83,87,100,76,92
"158","student000157",57,166,0,0,1,0,0,0,191.1,98.63333333,134.4,141.3777778,85,51,43,71,65,40,60
"159","student000158",113,288,0,0,3,0,0,0,308.6,215.9333333,243.0666667,255.8666667,85,83,78,87,92,64,87
"160","student000159",78,338,0,0,8,0,0,0,329.45,247.35,271.2333333,282.6777778,80,60,75,66,70,51,71
"161","student000160",53,143,0,0,3,0,0,0,309.5,198.4166667,221.9833333,243.3,85,80,85,69,85,70,86
"162","student000161",62,265,0,0,0,0,0,0,172.0833333,64.13333333,104.7833333,113.6666667,85,40,63,37,32,49,54
"163","student000162",74,454,0,0,0,0,0,0,312.4166667,223.0166667,243.05,259.4944444,75,64,73,51,68,60,71
"164","student000163",67,347,0,0,2,0,0,0,302.4166667,195.8166667,219.6666667,239.3,80,91,88,80,73,64,83
"165","student000164",58,223,0,0,7,0,0,0,133.9833333,42.06666667,74.75,83.6,85,83,80,81,78,54,79
"166","student000165",101,228,0,0,3,0,0,0,170.7833333,78.58333333,225.85,158.4055556,100,95,93,91,93,76,97
"167","student000166",61,201,0,0,3,0,0,0,308.4833333,189.7833333,212.1333333,236.8,75,87,83,86,87,70,87
"168","student000167",72,430,11,0,0,0,0,0,269.0833333,183.8,197.6333333,216.8388889,80,71,73,82,82,66,82
"169","student000168",78,317,0,0,2,0,0,0,304.6166667,199.6666667,223.85,242.7111111,75,85,80,73,78,74,84
"170","student000169",58,159,0,0,1,0,0,0,146.3333333,55.7,79.13333333,93.72222222,80,93,90,83,93,79,94
"171","student000170",139,246,6,6,1,0,0,0,157.9166667,66.48333333,87.73333333,104.0444444,90,75,83,88,91,69,89
"172","student000171",97,244,0,0,1,0,0,0,178.8166667,88.33333333,122.4833333,129.8777778,80,83,88,89,82,84,93
"173","student000172",43,224,0,0,1,0,0,0,275.9333333,213.5166667,240.0166667,243.1555556,75,79,78,79,73,57,77
"174","student000173",158,190,0,0,1,0,0,0,147.2166667,54.41666667,78.4,93.34444444,80,89,85,88,89,79,92
"175","student000174",107,295,2,2,3,0,0,0,125.65,52.08333333,79.76666667,85.83333333,85,76,90,64,82,86,91
"176","student000175",103,336,0,0,1,0,0,0,301.4833333,212.8666667,238.8,251.05,75,64,65,61,81,29,63
"177","student000176",30,127,0,0,0,0,0,0,177.8833333,86.55,109.5,124.6444444,75,71,75,70,79,66,79
"178","student000177",87,374,0,0,1,0,0,0,161.85,73.58333333,99.26666667,111.5666667,80,65,78,79,83,51,77
"179","student000178",72,177,1,0,3,0,1,0,136.2,296,225.1333333,219.1111111,90,64,73,0,61,31,55
"180","student000179",68,225,0,0,5,0,0,0,170.1333333,58.91666667,84.11666667,104.3888889,75,81,78,58,80,53,75
"181","student000180",49,178,0,0,0,0,0,0,139.9833333,50.55,65.91666667,85.48333333,80,83,78,87,90,71,88
"182","student000181",75,258,3,0,3,0,0,0,302.0166667,220.2333333,236.85,253.0333333,70,78,85,93,97,73,91
"183","student000182",138,279,0,0,2,0,0,0,303.6666667,190.45,213.55,235.8888889,75,77,73,80,79,70,82
"184","student000183",2,442,0,0,2,0,0,0,304.9,211.65,234.25,250.2666667,80,61,83,83,87,83,90
"185","student000184",59,295,2,2,0,0,0,0,322.4,238.25,263.8166667,274.8222222,75,98,88,82,78,71,87
"186","student000185",78,226,0,0,8,0,0,0,131.15,41.76666667,78.73333333,83.88333333,100,93,98,91,88,91,100
"187","student000186",92,164,3,3,4,0,0,0,190.9666667,100.4,147.05,146.1388889,100,88,85,83,86,0,66
"188","student000187",131,322,0,0,2,0,0,0,107.5,84.66666667,112.7666667,101.6444444,75,72,73,63,71,59,73
"189","student000188",52,192,0,0,4,0,0,0,313.0333333,200.2,222.3,245.1777778,80,91,83,78,78,66,84
"190","student000189",80,110,0,0,1,0,0,0,170.1,45.66666667,271.9666667,162.5777778,70,75,90,78,80,80,88
"191","student000190",59,167,0,0,0,0,0,0,385.95,270.9166667,268.5666667,308.4777778,80,49,63,62,66,47,65
"192","student000191",109,177,0,0,3,0,0,0,116.0333333,46.43333333,24.23333333,62.23333333,70,96,88,84,92,73,91
"193","student000192",67,154,0,0,1,0,0,0,145.85,55.43333333,79.55,93.61111111,80,83,88,84,75,69,85
"194","student000193",55,184,0,0,0,0,0,0,136.8333333,45.1,68.76666667,83.56666667,80,69,85,74,86,53,79
"195","student000194",103,260,0,0,1,0,0,0,157.8833333,74.9,222.7333333,151.8388889,70,56,70,69,70,44,67
"196","student000195",89,279,0,0,4,0,0,0,136.75,48.9,69.1,84.91666667,90,79,88,76,85,56,83
"197","student000196",79,249,0,0,0,1,0,0,558,225.0833333,249.3166667,344.1333333,95,0,90,82,79,70,82
"198","student000197",75,408,0,0,1,0,0,0,161.1,72.36666667,99.76666667,111.0777778,70,76,83,88,87,77,89
"199","student000198",85,405,0,0,3,0,0,0,157.0333333,74.76666667,98.96666667,110.2555556,75,69,75,73,76,56,75
"200","student000199",109,368,0,0,2,0,0,0,329.1333333,237.0833333,256.1166667,274.1111111,70,87,78,74,84,40,73
"201","student000200",48,306,0,0,1,0,0,0,136.2,44.06666667,74.95,85.07222222,70,66,88,75,81,71,84
"202","student000201",117,344,0,0,1,0,0,0,84.06666667,6.2,18.71666667,36.32777778,95,93,95,91,90,84,99
"203","student000202",63,351,0,0,2,0,0,0,309.5833333,196.9833333,218.65,241.7388889,85,37,73,53,71,66,73
"204","student000203",85,265,0,0,0,0,0,0,312.95,212.0666667,235.9166667,253.6444444,95,56,70,87,80,70,83
"205","student000204",150,675,58,0,3,0,0,0,294.9333333,181.0166667,202.55,226.1666667,75,89,80,84,90,74,89
"206","student000205",76,463,0,0,2,0,0,0,319.85,246.5166667,272.0666667,279.4777778,80,92,75,91,85,61,84
"207","student000206",48,320,1,0,3,0,0,0,145.9333333,52.88333333,79.15,92.65555556,80,89,75,89,85,47,79
"208","student000207",62,133,6,2,1,0,0,0,150.6,88.86666667,114.0166667,117.8277778,95,75,70,84,77,69,83
"209","student000208",90,340,23,0,1,0,0,0,120.5833333,27.76666667,44.18333333,64.17777778,75,80,88,70,88,84,91
"210","student000209",45,166,1,0,1,0,0,0,178.75,90.61666667,104.0166667,124.4611111,70,81,85,75,91,53,81
"211","student000210",69,247,0,0,0,0,0,0,324.3,235.8833333,272.65,277.6111111,75,94,78,68,81,47,75
"212","student000211",59,202,0,0,5,0,0,0,137.3333333,43.35,60.08333333,80.25555556,75,61,60,70,66,60,70
"213","student000212",113,384,0,0,3,0,0,0,338.2166667,246.85,270.85,285.3055556,75,98,75,87,80,50,78
"214","student000213",66,168,0,0,1,0,0,0,149.7166667,56.7,80.75,95.72222222,70,73,78,68,72,0,55
"215","student000214",125,519,0,0,1,0,0,0,108.35,16.43333333,41.31666667,55.36666667,90,94,80,94,96,83,97
"216","student000215",147,292,1,1,0,0,0,0,338.3666667,247.4666667,271.2666667,285.7,90,63,68,74,72,54,73
"217","student000216",175,421,0,0,0,0,0,0,173.3333333,80.71666667,104.7166667,119.5888889,80,76,88,79,90,66,87
"218","student000217",67,230,1,0,1,0,0,0,194.15,100.8,124.55,139.8333333,70,86,83,84,80,60,82
"219","student000218",66,394,0,0,2,0,0,0,308.3,193.9333333,223.2333333,241.8222222,60,90,90,71,71,74,83
"220","student000219",99,304,0,0,0,0,0,0,181.6,96.75,123.9666667,134.1055556,85,91,80,83,81,56,81
"221","student000220",35,173,0,0,0,0,0,0,146.15,56.85,80.03333333,94.34444444,75,66,40,71,78,44,64
"222","student000221",91,248,0,0,2,0,0,0,308.9166667,224.4166667,240.7,258.0111111,85,98,88,89,86,57,86
"223","student000222",45,173,0,0,5,0,1,0,172.1666667,296,124.6333333,197.6,95,69,78,69,70,71,81
"224","student000223",31,159,0,0,2,1,1,1,558,296,632,495.3333333,60,0,63,0,0,40,33
"225","student000224",51,242,0,0,0,0,0,0,194.5333333,123.1,213.5,177.0444444,80,45,65,61,34,50,58
"226","student000225",57,383,0,0,3,0,0,0,183.55,100.85,127.7166667,137.3722222,75,80,80,80,79,76,86
"227","student000226",90,123,0,0,1,0,0,0,137.7166667,51.8,78.73333333,89.41666667,85,72,75,68,69,59,75
"228","student000227",30,305,0,0,1,0,0,0,122.45,30.98333333,56.28333333,69.90555556,80,58,68,73,78,50,72
"229","student000228",69,223,0,0,1,0,0,0,152.3333333,69.7,95.06666667,105.7,80,71,88,79,85,74,88
"230","student000229",58,357,0,0,2,0,0,0,306.3,240.9,253.45,266.8833333,85,94,83,64,73,57,78
"231","student000230",123,343,1,1,2,0,0,0,316.0333333,224.8666667,249.05,263.3166667,80,91,85,86,82,53,82
"232","student000231",92,247,0,0,2,0,0,0,133.5166667,53.36666667,67.7,84.86111111,80,83,83,91,75,60,82
"233","student000232",56,297,0,0,4,0,0,0,307.1166667,199.45,224.55,243.7055556,70,88,68,83,82,59,79
"234","student000233",64,238,1,0,5,0,0,0,330.65,272.5666667,272.7,291.9722222,55,76,65,62,69,56,69
"235","student000234",71,358,0,0,1,0,0,0,305.4666667,195.0166667,213.75,238.0777778,70,50,75,75,58,76,76
"236","student000235",108,396,0,0,4,0,0,0,178.1333333,59.86666667,86.46666667,108.1555556,85,92,80,94,92,76,92
"237","student000236",105,359,0,0,1,0,0,0,314.5,238.1666667,264.8666667,272.5111111,80,88,78,91,96,59,86
"238","student000237",76,189,23,0,12,0,0,0,342.0833333,248.9,273.1166667,288.0333333,80,77,80,91,84,69,86
"239","student000238",81,275,0,0,4,0,0,0,328.35,236.0333333,261.95,275.4444444,80,62,65,74,85,57,76
"240","student000239",67,259,1,1,0,0,0,0,170.95,65.38333333,83.26666667,106.5333333,75,69,88,84,84,73,87
"241","student000240",46,200,0,0,1,0,0,0,289.8666667,209.3666667,233.35,244.1944444,85,79,85,90,81,76,89
"242","student000241",60,189,0,0,3,0,0,0,313.25,189.9833333,223.4833333,242.2388889,90,94,78,81,86,59,84
"243","student000242",48,251,0,0,0,0,0,0,152.7833333,67,81.08333333,100.2888889,75,54,80,68,80,61,77
"244","student000243",58,169,0,0,2,0,0,0,329.5833333,230.1833333,263.65,274.4722222,80,81,45,69,70,36,62
"245","student000244",58,303,0,0,2,0,0,0,302.5333333,208.4166667,231.7,247.55,95,89,95,82,97,81,98
"246","student000245",57,208,0,0,0,0,0,0,295.0833333,187.4666667,209.7166667,230.7555556,85,82,83,87,82,71,87
"247","student000246",61,240,0,0,5,0,0,0,147.0166667,56.55,89.28333333,97.61666667,90,76,90,67,67,59,78
"248","student000247",85,309,0,0,2,0,0,0,161.6833333,70.55,92.38333333,108.2055556,100,85,78,91,77,73,88
"249","student000248",50,221,1,0,2,0,0,0,182.5666667,90.86666667,116.4666667,129.9666667,85,83,93,75,69,66,83
"250","student000249",90,143,0,0,0,0,0,0,305.35,234.8333333,257.55,265.9111111,100,73,88,79,93,59,87
"251","student000250",96,339,0,0,0,0,0,0,310.3833333,196.3666667,217.7833333,241.5111111,85,89,83,93,93,67,90
"252","student000251",67,264,0,0,1,0,0,0,135.9166667,55.46666667,78.81666667,90.06666667,75,84,83,84,84,73,87
"253","student000252",73,168,0,0,0,0,0,0,144.0166667,55.43333333,73.38333333,90.94444444,70,72,88,78,74,67,82
"254","student000253",55,191,0,0,1,0,0,0,156.3833333,36.73333333,73.76666667,88.96111111,75,61,75,78,77,51,74
"255","student000254",72,160,0,0,2,0,0,0,99.21666667,41.05,54.36666667,64.87777778,70,79,88,86,77,83,89
"256","student000255",92,255,0,0,2,0,0,0,135.9833333,45.46666667,73.66666667,85.03888889,70,62,80,70,72,51,72
"257","student000256",58,263,1,1,0,0,0,0,131.7333333,49.31666667,74.15,85.06666667,75,88,90,87,80,81,91
"258","student000257",152,256,0,0,1,0,0,0,124.1166667,35.46666667,59.78333333,73.12222222,80,81,85,82,83,83,91
"259","student000258",80,396,0,0,5,0,0,0,323.5,234.4,257.9,271.9333333,75,78,75,66,77,64,78
"260","student000259",203,234,0,0,2,0,0,0,99.73333333,10.98333333,38.78333333,49.83333333,60,85,78,74,97,77,88
"261","student000260",64,380,0,0,4,0,0,0,300.05,185.45,210.0833333,231.8611111,80,69,95,82,95,74,92
"262","student000261",106,426,0,0,1,0,0,0,50.88333333,41.8,64.1,52.26111111,90,93,90,81,78,79,91
"263","student000262",42,205,0,0,1,0,0,0,137.7,45.81666667,71.65,85.05555556,75,91,90,90,88,81,94
"264","student000263",65,360,54,0,5,0,0,0,167.8,76.16666667,98.93333333,114.3,70,79,75,86,82,50,76
"265","student000264",82,399,0,0,4,0,0,0,338.8666667,245.9333333,270.0666667,284.9555556,80,76,63,78,82,60,77
"266","student000265",104,365,0,0,5,0,0,0,301.5166667,217.6166667,242.7333333,253.9555556,65,83,85,86,94,73,89
"267","student000266",62,231,0,0,3,0,0,0,137.7,55.86666667,79.36666667,90.97777778,80,76,73,71,69,66,77
"268","student000267",94,169,0,0,5,0,0,0,192.2,100.95,148.3166667,147.1555556,90,84,95,83,86,90,98
"269","student000268",139,229,0,0,3,0,0,0,160.85,74.25,97.08333333,110.7277778,90,93,85,87,96,60,89
"270","student000269",90,268,0,0,8,1,0,0,558,128.3,127.1,271.1333333,75,0,55,69,85,66,71
"271","student000270",99,357,1,0,3,0,0,0,169.7166667,77.88333333,103.6333333,117.0777778,85,84,85,81,93,80,93
"272","student000271",93,434,0,0,0,0,0,0,304.3166667,191.6333333,211.6666667,235.8722222,80,91,88,91,91,67,90
"273","student000272",82,249,7,1,6,0,0,0,150.35,63.6,91.28333333,101.7444444,85,67,80,77,87,71,86
"274","student000273",73,292,0,0,1,0,0,0,300.6666667,189.85,214.7,235.0722222,80,88,75,88,90,53,81
"275","student000274",75,151,0,0,1,0,0,0,125.2,32.05,56.2,71.15,70,93,80,89,89,56,83
"276","student000275",99,306,1,1,3,0,0,0,268.4666667,190.6,206.9166667,221.9944444,85,85,58,63,75,56,72
"277","student000276",70,279,0,0,1,0,0,0,307.5,158.8333333,207.5,224.6111111,80,94,93,70,82,86,93
"278","student000277",117,445,0,0,3,0,0,0,185.1166667,189.1333333,117.5833333,163.9444444,70,66,75,77,79,50,74
"279","student000278",61,427,0,0,3,0,0,0,133.6166667,42.33333333,68.88333333,81.61111111,75,61,68,68,77,50,71
"280","student000279",74,311,0,0,1,0,0,0,297.95,198.8333333,223.6333333,240.1388889,70,78,85,68,58,74,79
"281","student000280",70,228,0,0,2,0,0,0,138.0333333,45.48333333,68.08333333,83.86666667,70,70,85,78,82,67,83
"282","student000281",62,238,0,0,1,0,0,0,306.05,212.9833333,235.9166667,251.65,80,64,88,68,97,69,87
"283","student000282",69,178,0,0,1,0,0,0,196.4833333,102.1833333,125.95,141.5388889,70,75,73,74,86,59,78
"284","student000283",86,169,1,0,1,0,0,0,194.2666667,103.8666667,128.8666667,142.3333333,80,50,78,79,86,61,80
"285","student000284",72,199,0,0,3,0,0,0,314.1666667,232.7833333,260.7666667,269.2388889,85,95,90,90,85,80,94
"286","student000285",65,134,0,0,1,0,0,0,312.0833333,185.5333333,221.4333333,239.6833333,85,96,78,83,88,51,82
"287","student000286",90,313,0,0,1,0,0,0,311.9833333,202.8166667,229.5333333,248.1111111,90,89,85,86,93,73,92
"288","student000287",127,268,1,0,3,0,0,0,199.0166667,184.65,205.7333333,196.4666667,80,80,83,87,95,69,89
"289","student000288",57,220,0,0,2,0,0,0,304.1166667,215.85,237.2166667,252.3944444,75,91,68,87,86,61,82
"290","student000289",61,216,0,0,1,0,0,0,219.1833333,126.7,100.5833333,148.8222222,75,67,78,68,87,74,84
"291","student000290",72,162,0,0,1,0,0,0,185.9666667,98.18333333,122.8,135.65,80,86,88,86,83,61,85
"292","student000291",97,382,0,0,1,0,0,0,186.8833333,102.6,126.4666667,138.65,80,79,75,83,87,66,84
"293","student000292",72,226,4,0,3,0,0,0,224.7,181.5333333,201.2833333,202.5055556,80,88,83,71,85,79,89
"294","student000293",32,150,0,0,0,1,0,0,558,247.9333333,271.5666667,359.1666667,80,0,78,45,76,56,67
"295","student000294",65,214,0,0,2,0,0,0,316.9833333,224.5,248.7833333,263.4222222,70,86,78,65,87,69,83
"296","student000295",76,200,0,0,4,0,0,0,97.66666667,26.58333333,50.43333333,58.22777778,85,84,88,88,65,71,84
"297","student000296",32,298,0,0,1,0,0,0,168.6833333,78.95,111.8666667,119.8333333,70,88,93,80,89,81,93
"298","student000297",70,227,0,0,4,0,0,0,137.3,45.23333333,71.01666667,84.51666667,75,89,88,78,85,81,91
"299","student000298",62,135,0,0,0,0,0,0,171.8833333,88.4,116.1,125.4611111,85,84,80,85,90,77,91
"300","student000299",110,270,0,0,4,0,1,0,313.7166667,296,223.75,277.8222222,70,59,80,0,74,56,66
"301","student000300",33,286,0,0,4,0,0,0,334.1166667,243.7666667,270.8,282.8944444,75,86,78,70,72,54,75
"302","student000301",78,300,0,0,3,0,0,0,139.9,53.9,270.3833333,154.7277778,70,87,75,82,84,74,86
"303","student000302",69,231,0,0,2,0,0,0,308.35,194.7166667,216.8,239.9555556,75,82,78,93,91,36,76
"304","student000303",93,286,0,0,5,0,0,0,183.1166667,96.31666667,123.6666667,134.3666667,75,68,53,62,60,41,60
"305","student000304",38,176,0,0,0,0,0,0,170.9166667,79.25,103.4,117.8555556,85,76,73,76,76,70,82
"306","student000305",61,250,0,0,1,0,0,0,122.4666667,20.78333333,55.36666667,66.20555556,45,83,78,73,86,53,75
"307","student000306",38,206,1,0,1,0,0,0,278.9166667,186.8,211.9,225.8722222,85,81,68,72,86,54,78
"308","student000307",92,241,0,0,2,0,0,0,152.3333333,256.4166667,391.8166667,266.8555556,80,76,78,84,79,44,75
"309","student000308",145,239,0,0,2,0,0,0,134.7666667,44.53333333,37.21666667,72.17222222,60,68,83,89,80,86,89
"310","student000309",52,166,0,0,2,0,0,0,120.6333333,30.93333333,57.31666667,69.62777778,85,80,83,71,79,64,82
"311","student000310",59,285,0,0,0,0,0,0,163.1333333,68.53333333,95.08333333,108.9166667,85,61,73,81,89,57,80
"312","student000311",31,252,0,0,1,0,0,0,170.6166667,79.76666667,79.95,110.1111111,80,55,68,72,79,51,72
"313","student000312",88,293,0,0,0,0,0,0,150.9333333,64.9,88.41666667,101.4166667,85,57,88,38,63,80,79
"314","student000313",114,333,58,2,4,0,0,0,173.3333333,87.6,125.4166667,128.7833333,90,91,83,88,86,60,86
"315","student000314",112,315,0,0,3,0,0,0,98.31666667,11.3,33.46666667,47.69444444,80,93,93,92,91,79,95
"316","student000315",46,194,0,0,2,0,0,0,306.8,189.1333333,212.2,236.0444444,70,66,80,87,77,47,75
"317","student000316",56,169,0,0,5,0,0,0,131.1333333,40.05,67.26666667,79.48333333,80,67,95,68,78,77,87
"318","student000317",47,162,0,0,1,0,0,0,123.8333333,52.95,53.68333333,76.82222222,80,46,70,68,84,46,71
"319","student000318",95,256,0,0,5,0,0,0,295.5,210.7333333,232.5,246.2444444,90,86,88,96,85,77,93
"320","student000319",88,323,0,0,2,0,0,0,179.45,106,138.85,141.4333333,85,85,83,91,86,41,79
"321","student000320",14,228,0,0,2,0,0,0,304.3166667,210.9666667,233.2833333,249.5222222,85,73,55,68,73,39,65
"322","student000321",61,154,0,0,1,0,0,0,302.7666667,203.6666667,234.0333333,246.8222222,80,78,73,87,92,49,79
"323","student000322",129,321,0,0,1,0,0,0,109.8,15.86666667,38.86666667,54.84444444,70,68,90,69,91,66,84
"324","student000323",151,195,0,0,0,0,0,0,338.7333333,211.4666667,247.9,266.0333333,0,57,85,91,91,60,76
"325","student000324",20,46,0,0,0,1,1,0,558,296,148.0333333,334.0111111,0,0,75,0,55,0,29
"326","student000325",60,161,1,1,2,0,0,0,301.15,185.3833333,212.3166667,232.95,90,97,78,78,84,74,89
"327","student000326",80,318,0,0,2,0,0,0,313.35,223.2333333,247.9833333,261.5222222,95,86,68,83,95,49,81
"328","student000327",86,380,0,0,2,0,0,0,303.85,210.1166667,245.05,253.0055556,70,71,80,81,94,74,88
"329","student000328",75,231,0,0,0,0,0,0,183.4833333,94.01666667,111.85,129.7833333,75,94,75,93,87,74,89
"330","student000329",62,352,0,0,3,0,0,0,132.6333333,42.43333333,70.21666667,81.76111111,90,71,83,77,87,70,87
"331","student000330",91,494,0,0,0,0,0,0,133.4,60.63333333,90.1,94.71111111,85,66,80,79,82,57,80
"332","student000331",70,277,0,0,1,0,0,0,311.4666667,225.3166667,224.4,253.7277778,75,63,58,53,73,41,63
"333","student000332",56,267,0,0,0,0,0,0,305.7333333,225.0833333,251.3666667,260.7277778,75,63,63,66,82,60,75
"334","student000333",70,223,0,0,2,0,0,0,187.0333333,94.06666667,118.8833333,133.3277778,85,51,88,73,86,73,86
"335","student000334",79,503,0,0,0,0,0,0,332,243.3333333,268.0166667,281.1166667,85,93,85,96,98,71,94
"336","student000335",70,217,0,0,1,0,0,0,307.4666667,201.1666667,225.0333333,244.5555556,75,96,95,87,78,81,92
"337","student000336",79,248,45,0,1,0,0,0,144.75,65.63333333,88.2,99.52777778,80,86,65,55,70,60,73
"338","student000337",84,283,18,0,2,0,0,0,98.61666667,51.45,35.93333333,62,85,64,65,75,84,54,76
"339","student000338",65,185,0,0,1,0,0,0,124.1666667,31.75,58.9,71.60555556,100,94,83,78,90,71,91
"340","student000339",75,209,0,0,1,0,0,0,82.78333333,41.76666667,81.03333333,68.52777778,70,74,80,69,82,54,77
"341","student000340",63,177,0,0,1,0,0,0,186.3833333,97.03333333,120,134.4722222,75,78,60,79,78,41,69
"342","student000341",87,263,0,0,1,0,0,0,274.4,209.1333333,231.9833333,238.5055556,90,80,70,87,96,64,86
"343","student000342",73,215,0,0,0,0,0,0,304.9166667,188.5666667,212.8666667,235.45,95,96,90,78,92,74,94
"344","student000343",97,455,0,0,5,0,0,0,304.5833333,206.7666667,228.65,246.6666667,70,89,90,80,82,74,88
"345","student000344",144,304,0,0,1,0,0,0,123.05,28.5,53.06666667,68.20555556,70,44,70,71,74,76,78
"346","student000345",60,237,0,0,2,0,0,0,333.0666667,247,320.9,300.3222222,100,78,73,79,53,39,67
"347","student000346",75,252,0,0,1,0,0,0,186.9833333,96.9,122.6,135.4944444,85,76,78,92,90,64,86
"348","student000347",129,253,0,0,3,0,0,0,302.4833333,188.4166667,207.7666667,232.8888889,80,93,83,72,93,71,89
"349","student000348",152,593,50,0,3,0,0,0,161.1666667,68.43333333,95.31666667,108.3055556,100,86,55,93,88,46,77
"350","student000349",149,314,0,0,2,0,0,0,154.6333333,68.85,90.73333333,104.7388889,85,63,80,79,86,79,88
"351","student000350",85,342,0,0,0,0,0,0,225.6333333,213.7,235.15,224.8277778,95,84,90,77,87,59,86
"352","student000351",31,247,0,0,2,0,0,0,302.7666667,212.1166667,234.85,249.9111111,70,42,73,77,91,47,73
"353","student000352",90,259,0,0,0,0,0,0,181.5833333,98.7,123.5,134.5944444,0,83,80,91,87,63,77
"354","student000353",36,392,0,0,0,0,0,0,312.1833333,242.3666667,266.85,273.8,85,46,40,38,61,33,51
"355","student000354",58,281,0,0,2,0,0,0,328.7333333,234.6166667,258.5166667,273.9555556,75,46,68,74,69,71,76
"356","student000355",66,387,0,0,0,0,0,0,195.2333333,103.8333333,128.1833333,142.4166667,80,73,85,78,86,61,83
"357","student000356",76,377,0,0,7,0,0,0,330.7166667,247.1333333,271.65,283.1666667,70,74,63,69,73,43,67
"358","student000357",58,212,0,0,1,0,0,0,141.8166667,47.23333333,74.25,87.76666667,70,66,70,79,81,41,71
"359","student000358",87,476,0,0,2,0,0,0,169.2333333,68.26666667,96.68333333,111.3944444,100,68,83,82,73,61,81
"360","student000359",101,361,4,3,1,0,0,0,153.7833333,61.61666667,85.55,100.3166667,70,90,90,84,87,86,94
"361","student000360",108,469,4,0,12,0,0,0,154.0833333,62.01666667,85.58333333,100.5611111,85,92,90,91,92,90,99
"362","student000361",124,299,0,0,1,0,0,0,134.1166667,40.35,67.28333333,80.58333333,85,85,88,91,95,81,96
"363","student000362",56,240,1,1,2,0,0,0,138.0833333,56.15,80.31666667,91.51666667,80,86,95,92,95,80,97
"364","student000363",64,216,0,0,2,0,0,0,169.8166667,77.88333333,102.5833333,116.7611111,70,59,80,74,75,74,81
"365","student000364",51,405,0,0,0,0,0,0,340.5333333,247.25,271.3833333,286.3888889,80,78,80,27,72,56,71
"366","student000365",113,356,0,0,2,0,0,0,110.8,65.65,77.28333333,84.57777778,60,53,68,77,76,56,71
"367","student000366",68,180,1,0,4,0,0,0,197.9833333,104.4666667,127.5833333,143.3444444,80,94,83,89,91,60,87
"368","student000367",88,179,0,0,4,0,0,0,127.05,41.91666667,65.93333333,78.3,80,83,75,84,93,79,90
"369","student000368",77,233,1,0,3,0,0,0,159.2666667,82.76666667,92.46666667,111.5,100,84,73,89,91,69,88
"370","student000369",113,321,0,0,4,0,0,0,150.1833333,64.26666667,101.45,105.3,70,88,83,83,83,63,83
"371","student000370",90,200,0,0,0,0,0,0,298.5666667,211.0833333,230.5166667,246.7222222,20,73,90,73,96,74,84
"372","student000371",41,153,0,0,2,0,0,0,301.2833333,185.2833333,208.55,231.7055556,65,82,85,78,86,64,83
"373","student000372",51,195,0,0,1,0,0,0,293.65,213.5166667,240,249.0555556,75,61,78,76,94,59,81
"374","student000373",124,184,0,0,2,0,0,0,195.7166667,103.4833333,128.5833333,142.5944444,100,95,90,91,93,67,93
"375","student000374",120,555,0,0,5,0,0,0,149.85,79.31666667,88.85,106.0055556,75,75,68,83,85,34,70
"376","student000375",62,160,0,0,1,0,0,0,170.4666667,84.5,112.9833333,122.65,90,67,70,89,84,81,88
"377","student000376",67,204,0,0,1,0,0,0,154.35,58.68333333,80.21666667,97.75,90,73,80,86,87,60,84
"378","student000377",94,228,47,0,2,0,0,0,328.4833333,236.8333333,271,278.7722222,85,92,88,80,86,71,89
"379","student000378",80,511,4,0,2,0,0,0,134.95,54.46666667,80.85,90.08888889,80,68,60,45,64,43,62
"380","student000379",98,343,0,0,3,0,0,0,329.6166667,237.2166667,259.75,275.5277778,55,60,45,68,67,33,56
"381","student000380",132,634,0,0,4,0,0,0,325.3333333,244.2166667,268.85,279.4666667,80,81,83,76,80,61,82
"382","student000381",107,612,0,0,0,0,0,0,119.6,30.85,51.88333333,67.44444444,100,74,88,82,74,70,86
"383","student000382",87,421,0,0,2,0,0,0,134.85,45.71666667,63.78333333,81.45,95,70,65,70,83,31,68
"384","student000383",81,197,0,0,0,0,0,0,318.9166667,242.2,265.25,275.4555556,75,89,85,89,83,69,87
"385","student000384",85,229,1,0,1,0,0,0,306.0333333,195.0166667,219,240.0166667,100,81,65,87,75,73,84
"386","student000385",115,359,0,0,3,0,0,0,182.3,91.06666667,116.0833333,129.8166667,90,94,78,89,94,66,89
"387","student000386",134,387,0,0,1,0,0,0,127.5,44.71666667,70.98333333,81.06666667,100,76,83,82,87,84,94
"388","student000387",60,117,0,0,1,0,0,0,132.4666667,75.95,102.3333333,103.5833333,80,68,88,72,78,70,84
"389","student000388",74,161,0,0,0,0,0,0,324.8833333,234.2333333,260.3,273.1388889,90,76,70,78,80,49,75
"390","student000389",88,270,0,0,1,0,0,0,325.35,231.3666667,258.1,271.6055556,80,86,90,91,83,67,88
"391","student000390",54,192,0,0,1,0,0,0,209.1666667,210.7833333,235.7833333,218.5777778,65,72,78,77,83,61,79
"392","student000391",39,192,0,0,0,0,0,0,305.9166667,223.7666667,246.45,258.7111111,80,68,88,81,97,50,82
"393","student000392",68,232,0,0,2,0,0,0,125.3833333,33.15,57.03333333,71.85555556,70,73,75,72,77,57,76
"394","student000393",56,177,0,0,0,0,0,0,330.75,243.25,266.4666667,280.1555556,80,89,68,76,78,33,69
"395","student000394",128,319,0,0,2,0,0,0,149.2166667,58.41666667,83.06666667,96.9,85,84,75,92,90,56,83
"396","student000395",180,399,0,0,5,0,0,0,338.0833333,246.3,270.15,284.8444444,80,90,68,87,85,56,80
"397","student000396",102,359,0,0,7,0,0,0,134.75,42.85,55.1,77.56666667,85,66,73,81,86,57,79
"398","student000397",71,293,0,0,1,0,0,0,153.6666667,76.13333333,91.85,107.2166667,80,79,58,66,70,43,66
"399","student000398",54,311,0,0,0,0,0,0,188.2333333,93.78333333,116.75,132.9222222,70,77,75,68,80,64,79
"400","student000399",67,305,0,0,2,0,0,0,302.9833333,188.65,209.1833333,233.6055556,75,89,90,83,94,67,90
"401","student000400",76,230,0,0,1,0,0,0,330.7166667,243.2333333,267.4166667,280.4555556,75,65,58,69,75,57,71
"402","student000401",55,278,0,0,0,0,0,0,331.9666667,237.1,261.2166667,276.7611111,70,80,80,80,85,73,86
"403","student000402",97,298,0,0,1,0,0,0,294.5166667,197.6166667,222.9166667,238.35,85,77,68,63,66,44,68
"404","student000403",97,248,1,1,0,0,0,0,111.5833333,14.08333333,40.51666667,55.39444444,95,55,78,78,78,66,81
"405","student000404",110,333,0,0,1,0,0,0,152.1333333,62.68333333,88.93333333,101.25,80,85,93,68,82,69,86
"406","student000405",46,243,0,0,2,0,1,0,199.2666667,296,627.8,374.3555556,70,71,60,76,80,56,73
"407","student000406",61,229,0,0,2,0,0,0,180.7666667,57.05,84.9,107.5722222,70,84,65,85,90,69,83
"408","student000407",55,136,0,0,1,0,0,0,197.05,102.9833333,127.9833333,142.6722222,75,60,60,59,47,44,59
"409","student000408",74,305,0,0,3,0,0,0,329.2833333,233.7333333,264.8833333,275.9666667,75,58,50,80,66,43,63
"410","student000409",75,176,0,0,0,0,0,0,305.1666667,181.3333333,213.8666667,233.4555556,65,62,78,81,90,76,86
"411","student000410",62,301,0,0,0,0,0,0,222.25,90.76666667,140.3333333,151.1166667,0,39,55,58,68,47,54
"412","student000411",76,219,0,0,1,0,0,0,112.85,31.91666667,47.9,64.22222222,75,73,73,81,75,53,75
"413","student000412",100,163,41,0,0,0,0,0,179.2166667,85.2,106.9666667,123.7944444,80,65,70,64,61,49,67
"414","student000413",41,252,0,0,1,1,0,0,558,75.65,97.36666667,243.6722222,100,0,80,62,77,71,78
"415","student000414",59,276,1,1,1,0,0,0,113.2333333,19.13333333,49.46666667,60.61111111,70,79,83,84,91,76,89
"416","student000415",647,491,0,0,1,0,0,0,280.15,185.9833333,200.4333333,222.1888889,80,71,73,87,80,54,77
"417","student000416",74,259,1,2,3,0,0,0,134.7333333,41.55,67.03333333,81.10555556,80,89,83,91,90,69,89
"418","student000417",52,226,0,0,2,0,0,0,305.2666667,195.6666667,427.3166667,309.4166667,75,78,80,62,77,40,70
"419","student000418",33,159,0,0,0,0,0,0,362.35,270.4833333,319.6333333,317.4888889,0,56,68,70,58,51,59
"420","student000419",91,262,0,0,2,0,0,0,331.3666667,246.8833333,269.9166667,282.7222222,75,93,83,84,90,70,88
"421","student000420",96,365,0,0,3,0,0,0,301.3333333,226.1166667,295.5,274.3166667,70,85,63,81,77,73,81
"422","student000421",106,276,11,0,5,0,0,0,124.3333333,32.21666667,55.03333333,70.52777778,90,93,88,89,81,74,91
"423","student000422",53,431,0,0,0,0,0,0,137.25,45.68333333,70.05,84.32777778,75,88,83,83,95,77,92
"424","student000423",69,374,2,2,2,0,0,0,157.6,66.63333333,88.16666667,104.1333333,85,94,93,91,92,89,99
"425","student000424",56,218,0,0,0,0,0,0,140.3333333,48.83333333,107.5166667,98.89444444,70,71,83,81,80,71,84
"426","student000425",69,255,0,0,1,0,0,0,333.3333333,243.8666667,267.35,281.5166667,70,58,40,31,34,29,42
"427","student000426",123,359,0,0,2,0,0,0,124.4,21.45,45.3,63.71666667,75,80,85,84,87,81,91
"428","student000427",138,186,0,0,1,0,0,0,156.1833333,62.41666667,91.85,103.4833333,70,89,83,76,91,71,88
"429","student000428",121,442,0,0,1,0,0,0,146.9666667,54.71666667,77.15,92.94444444,70,15,80,18,52,66,62
"430","student000429",67,230,0,0,1,0,0,0,181.3333333,83.95,283.4333333,182.9055556,80,76,78,88,82,70,85
"431","student000430",93,210,11,0,2,0,0,0,178.4833333,89.43333333,113.7,127.2055556,100,86,78,83,92,73,91
"432","student000431",77,390,0,0,10,0,0,0,133.55,64.03333333,61.15,86.24444444,85,83,88,83,91,83,94
"433","student000432",98,179,11,0,2,0,0,0,153.7833333,75.11666667,87.98333333,105.6277778,85,64,75,62,88,83,87
"434","student000433",58,118,0,0,0,0,0,0,195.2333333,103.6166667,127.3833333,142.0777778,75,83,75,87,82,84,90
"435","student000434",100,330,0,0,3,0,0,0,109.45,29.68333333,41.48333333,60.20555556,85,91,83,94,92,64,89
"436","student000435",49,196,42,0,2,0,0,0,126.1,51.81666667,124.25,100.7222222,75,63,73,74,87,47,74
"437","student000436",66,291,0,0,4,0,0,0,301.2833333,211.6,235.4833333,249.4555556,80,46,55,80,63,61,69
"438","student000437",54,287,0,0,2,0,0,0,158.2666667,63.16666667,90.85,104.0944444,80,74,68,66,51,63,70
"439","student000438",42,584,2,0,4,0,0,0,335.4833333,266.1333333,264.9833333,288.8666667,90,48,70,45,84,63,75
"440","student000439",98,288,0,0,2,0,0,0,309.5666667,224.1333333,243.2,258.9666667,95,91,70,86,86,44,78
"441","student000440",226,486,2,1,5,0,0,0,151.9833333,66.46666667,84.85,101.1,70,83,83,75,83,80,88
"442","student000441",53,206,0,0,2,0,0,0,177.2333333,91.13333333,124.6333333,131,90,81,80,81,77,50,78
"443","student000442",78,214,5,0,1,0,0,0,249.1833333,153.55,223.7833333,208.8388889,85,94,90,87,88,76,93
"444","student000443",51,322,0,0,0,0,0,0,132.4,37.5,71.08333333,80.32777778,75,70,85,78,86,76,87
"445","student000444",92,239,0,0,1,0,0,0,304.2833333,211.5666667,235.8833333,250.5777778,80,68,85,78,80,79,87
"446","student000445",46,188,0,0,0,0,0,0,339.2833333,246.35,272.6833333,286.1055556,85,81,0,74,85,60,66
"447","student000446",78,320,0,0,1,0,0,0,125.5166667,34.85,59.93333333,73.43333333,85,80,85,84,77,84,91
"448","student000447",24,111,0,0,3,0,1,0,323.7333333,296,224.75,281.4944444,70,61,53,0,74,50,58
"449","student000448",96,342,0,0,2,0,0,0,314.6166667,223.3166667,246.55,261.4944444,15,59,85,86,82,67,77
"450","student000449",83,415,0,0,1,0,0,0,297.7166667,209.45,234.15,247.1055556,80,74,50,77,88,33,67
"451","student000450",180,273,0,0,5,0,0,0,308.35,181.2166667,215.1,234.8888889,85,88,88,87,93,70,91
"452","student000451",59,258,0,0,0,0,0,0,302.4833333,212.1,245.6,253.3944444,100,70,75,83,94,66,87
"453","student000452",58,264,0,0,2,0,0,0,312.3833333,208.3666667,229.6333333,250.1277778,90,77,83,88,93,79,93
"454","student000453",123,347,0,0,4,0,0,0,293.6,212.1,254.45,253.3833333,70,74,73,83,82,69,82
"455","student000454",105,196,0,0,2,0,0,0,191.2666667,89.56666667,122.75,134.5277778,75,84,80,86,85,64,84
"456","student000455",75,228,0,0,1,0,0,0,161.4166667,67.08333333,91.31666667,106.6055556,70,72,90,67,74,83,86
"457","student000456",33,165,0,0,3,0,0,0,304.35,192.5666667,212.2,236.3722222,70,66,83,81,85,49,77
"458","student000457",69,245,9,0,3,0,0,0,161.35,71.96666667,95.46666667,109.5944444,65,74,83,90,93,51,81
"459","student000458",69,227,0,0,2,0,0,0,304.3833333,197.7166667,223.1166667,241.7388889,100,79,83,73,81,64,84
"460","student000459",86,165,0,0,1,0,0,0,325.4166667,243.0666667,266.1166667,278.2,75,88,70,51,73,41,67
"461","student000460",39,171,1,1,2,0,0,0,332.8666667,224.3166667,264.7666667,273.9833333,70,62,45,66,73,36,60
"462","student000461",141,223,0,0,0,0,0,0,107.6166667,16.03333333,38.98333333,54.21111111,70,87,83,85,88,64,85
"463","student000462",60,330,0,0,1,0,0,0,307.0666667,201.2833333,207.05,238.4666667,85,92,63,89,84,59,81
"464","student000463",85,82,0,0,0,0,0,0,194.9166667,102.5833333,127.7833333,141.7611111,85,79,80,82,84,44,77
"465","student000464",138,297,0,0,5,0,0,0,307.2333333,215.3333333,239.4166667,253.9944444,70,83,73,92,96,69,87
"466","student000465",66,153,0,0,4,0,0,0,115.6333333,32.43333333,51.13333333,66.4,85,81,85,68,81,73,86
"467","student000466",55,206,0,0,1,0,0,0,160.3166667,38.7,89.38333333,96.13333333,90,87,85,88,92,57,86
"468","student000467",130,543,0,0,2,0,0,0,137.8,41.26666667,72.16666667,83.74444444,90,89,93,89,92,59,89
"469","student000468",55,315,32,0,3,0,0,0,329.3333333,266.2333333,437.9333333,344.5,85,98,70,67,48,50,68
"470","student000469",0,180,0,0,0,0,0,0,277.35,211.2166667,232.2666667,240.2777778,70,38,63,73,80,31,62
"471","student000470",111,399,0,0,7,0,0,0,275.45,182.8333333,205.3833333,221.2222222,80,83,88,94,90,83,95
"472","student000471",170,425,51,2,3,0,0,0,182.6666667,103.8166667,124.4333333,136.9722222,80,84,83,85,82,64,84
"473","student000472",62,194,0,0,3,0,0,0,312.8833333,196.4666667,219.0166667,242.7888889,65,69,70,79,70,36,66
"474","student000473",102,369,0,0,2,0,0,0,302.65,181.5333333,209.75,231.3111111,90,76,75,72,92,69,86
"475","student000474",102,315,0,0,3,0,0,0,160.9,75.58333333,267.6166667,168.0333333,65,73,73,86,88,60,80
"476","student000475",61,100,0,0,0,0,0,1,307.5166667,196.3,632,378.6055556,80,46,78,79,63,57,72
"477","student000476",117,494,0,0,2,0,0,0,155.8833333,64.55,88.56666667,103,75,84,73,82,86,47,76
"478","student000477",152,293,0,0,3,0,0,0,305.2166667,214.9333333,233.95,251.3666667,75,83,70,91,95,54,82
"479","student000478",86,239,0,0,0,0,0,0,124.1,31.86666667,55.63333333,70.53333333,70,95,83,88,84,63,85
"480","student000479",141,385,0,0,2,0,0,0,162.6,69.15,94.81666667,108.8555556,80,78,85,91,90,70,89
"481","student000480",105,188,0,0,3,0,0,0,137.9333333,49.33333333,74.63333333,87.3,80,69,85,84,92,79,91
"482","student000481",98,281,0,0,1,0,0,0,175.2,89.96666667,109.2666667,124.8111111,90,85,93,87,81,77,92
"483","student000482",85,258,1,0,2,0,0,0,127.6333333,58.78333333,80.55,88.98888889,80,68,93,70,83,83,90
"484","student000483",99,206,0,0,6,0,0,0,177.85,185.4,220.2166667,194.4888889,80,86,93,95,90,83,96
"485","student000484",51,158,0,0,2,0,0,0,125.9,32.45,44.46666667,67.60555556,75,68,80,76,88,50,78
"486","student000485",89,289,0,0,0,0,0,0,313.1833333,214.7666667,235.3666667,254.4388889,85,81,88,86,96,60,88
